"pair","variant","iterations","completed","anonymous","sweep_ms","command_p99","command_p999","command_max","lateness_p99","lateness_p999","lateness_max","admission_p99","admission_p999","admission_max"
"1","base","1000","20835","2856","2870.44","0.727","31.845","2770.409","2722.062","2771.543","2781.543","0","0.522","1.007"
"1","base","100000","1485","1486","0","0","0.515","0.525","0.736","0.914","2.175","0","0","0"
"1","candidate","1000","21714","3506","2626.626","0.753","34.395","2444.234","2388.205","2434.568","2444.568","0","0","0.523"
"1","candidate","100000","1402","471","7.774","0.516","1.519","10.128","1.71","5.997","10.613","0","0.516","5.611"
"2","base","1000","18781","1181","3055.72","1.191","39.537","2924.296","2867.02","2916.37","2924.777","0","0.517","0.529"
"2","base","100000","1466","1467","0","0","0.527","0.556","0.7","0.922","1.299","0","0","0.556"
"2","candidate","1000","22963","7689","2169.677","1.001","3.551","2101.864","2043.967","2091.881","2101.881","0","0.537","0.794"
"2","candidate","100000","1383","440","10.969","0.392","1.53","11.282","1.599","9.775","11.518","0","0.506","6.324"
"3","base","1000","22043","7765","2222.519","1.05","3.147","2196.554","2145.72","2195.041","2205.041","0","0.531","1.008"
"3","base","100000","1456","1457","0","0","0.519","0.544","0.719","0.807","1.597","0","0","0"
"3","candidate","1000","21772","7039","2245.522","0.75","2.801","2174.251","2130.403","2177.074","2187.074","0","0.325","0.56"
"3","candidate","100000","1232","349","38.56","1.41","6.436","56.74","14.052","49.052","58.468","0","0.85","23.056"
"4","base","1000","16891","4597","1244.621","10.367","106.264","770.901","713.517","761.925","771.405","0.708","3.2","7.89"
"4","base","100000","1114","559","6.282","3.122","5.448","39.124","19.823","39.429","49.429","0.518","0.543","2.807"
"4","candidate","1000","16668","5197","1513.887","5.643","26.175","1266.666","1207.295","1256.753","1266.753","1.007","9.236","19.498"
"4","candidate","100000","1088","109","54.597","4.622","16.342","94.81","74.29","124.29","134.29","0.507","12.208","23.354"
"5","base","1000","13008","4116","774.409","26.522","178.644","580.487","533.988","581.322","591.322","2.045","14.719","103.173"
"5","base","100000","1038","1039","0","4.195","11.445","17.799","17.083","27.832","36.566","0.507","2.045","12.01"
"5","candidate","1000","13549","3293","1557.969","17.872","280.147","1274.835","1224.025","1273.49","1283.49","1.507","40.074","262.825"
"5","candidate","100000","1004","208","12.198","6.776","29.944","98.703","66.036","115.509","125.509","0.546","4.873","7.71"
