"pair","variant","requests","ns","bytes","allocs"
"1","base","1","38330","36944","5"
"1","base","128","1710508","36944","5"
"1","base","4096","53278740","36944","5"
"1","pre","1","34990","36944","5"
"1","pre","128","1724295","36944","5"
"1","pre","4096","53300260","36944","5"
"1","optimized","1","35206","36944","5"
"1","optimized","128","36130","36944","5"
"1","optimized","4096","36441","36944","5"
"2","base","1","162237","36945","5"
"2","base","128","1908185","36944","5"
"2","base","4096","183315550","36944","5"
"2","pre","1","60435","36944","5"
"2","pre","128","2010019","36944","5"
"2","pre","4096","60627720","36944","5"
"2","optimized","1","33873","36944","5"
"2","optimized","128","32892","36944","5"
"2","optimized","4096","33298","36944","5"
"3","base","1","59587","36944","5"
"3","base","128","1956890","36944","5"
"3","base","4096","76927075","36944","5"
"3","pre","1","69933","36944","5"
"3","pre","128","2432667","36944","5"
"3","pre","4096","67834660","36944","5"
"3","optimized","1","36077","36944","5"
"3","optimized","128","38727","36944","5"
"3","optimized","4096","35182","36944","5"
"4","base","1","32915","36944","5"
"4","base","128","1721830","36944","5"
"4","base","4096","54110520","36944","5"
"4","pre","1","33848","36944","5"
"4","pre","128","1702656","36944","5"
"4","pre","4096","54383800","36944","5"
"4","optimized","1","36150","36944","5"
"4","optimized","128","34461","36944","5"
"4","optimized","4096","35695","36944","5"
"5","base","1","34139","36944","5"
"5","base","128","1736308","36944","5"
"5","base","4096","54388920","36944","5"
"5","pre","1","34775","36944","5"
"5","pre","128","1715005","36944","5"
"5","pre","4096","54023660","36944","5"
"5","optimized","1","35761","36944","5"
"5","optimized","128","35425","36944","5"
"5","optimized","4096","36220","36944","5"
